City_ID,City,Country,Lat,Lng,Max Temp,Humidity,Cloudiness,Wind Speed,Current Description
0,Phoenix,US,33.4484,-112.074,87.01,11,90,16.11,overcast clouds
1,Khatanga,RU,71.9667,102.5,-11.96,97,41,8.61,scattered clouds
2,Albany,US,42.6001,-73.9662,66.2,42,75,3.44,broken clouds
3,Mataura,NZ,-46.1927,168.8643,60.01,79,57,4.0,broken clouds
4,Vao,NC,-22.6667,167.4833,74.84,79,100,20.38,overcast clouds
5,Katsuura,JP,35.1333,140.3,52.0,38,77,1.99,broken clouds
6,Rikitea,PF,-23.1203,-134.9692,78.33,69,8,5.68,clear sky
7,Birjand,IR,32.8663,59.2211,48.2,71,20,9.22,few clouds
8,Avarua,CK,-21.2078,-159.775,82.4,69,40,4.61,scattered clouds
9,Punta Arenas,CL,-53.15,-70.9167,37.4,87,0,17.27,clear sky
10,Port Hardy,CA,50.6996,-127.4199,53.6,62,40,11.5,scattered clouds
11,Raga,SS,8.4596,25.678,76.78,10,7,2.53,clear sky
12,Ushuaia,AR,-54.8,-68.3,42.8,65,40,8.05,light intensity drizzle
13,Tayoltita,MX,24.0833,-105.9333,83.75,16,2,6.8,clear sky
14,Fortuna,US,40.5982,-124.1573,59.0,47,1,14.97,clear sky
15,Korla,CN,41.7597,86.1469,55.0,30,10,7.29,clear sky
16,Cap-Aux-Meules,CA,47.3821,-61.8597,33.8,93,12,12.66,few clouds
17,La Ciotat,FR,43.1748,5.6045,48.0,91,12,1.01,few clouds
18,Axim,GH,4.8699,-2.2405,79.54,85,100,5.93,light rain
19,Topchikha,RU,52.8192,83.1185,37.4,65,0,8.95,clear sky
20,Mar Del Plata,AR,-38.0023,-57.5575,66.99,72,0,4.61,clear sky
21,Roma,US,43.2128,-75.4557,64.4,32,40,5.35,scattered clouds
22,Salalah,OM,17.0151,54.0924,78.8,78,40,4.61,scattered clouds
23,Iqaluit,CA,63.7506,-68.5145,3.2,66,1,20.71,clear sky
24,Hermanus,ZA,-34.4187,19.2345,64.0,88,32,1.99,scattered clouds
25,Busselton,AU,-33.65,115.3333,62.58,65,98,3.67,overcast clouds
26,Cabo San Lucas,MX,22.8909,-109.9124,86.0,19,1,9.22,clear sky
27,Torbay,CA,47.6666,-52.7314,34.0,93,90,10.36,overcast clouds
28,Loandjili,CG,-4.7561,11.8578,77.0,88,20,3.44,few clouds
29,Laguna,US,38.421,-121.4238,75.0,17,1,8.05,clear sky
30,Sao Filipe,CV,14.8961,-24.4956,76.8,58,36,16.44,scattered clouds
31,Tuatapere,NZ,-46.1333,167.6833,60.01,79,58,4.0,broken clouds
32,Tuktoyaktuk,CA,69.4541,-133.0374,26.6,80,90,6.91,overcast clouds
33,La Ronge,CA,55.1001,-105.2842,44.6,29,100,3.44,overcast clouds
34,Porto Novo,BJ,6.4965,2.6036,84.2,79,20,11.5,few clouds
35,Nanortalik,GL,60.1432,-45.2371,33.1,89,22,12.46,few clouds
36,Chuy,UY,-33.6971,-53.4616,62.26,83,0,8.21,clear sky
37,Pangody,RU,65.85,74.4859,35.74,99,100,16.2,overcast clouds
38,Codrington,AU,-38.2667,141.9667,58.35,73,82,14.47,broken clouds
39,Jamestown,US,42.097,-79.2353,48.2,43,1,9.22,clear sky
40,Georgetown,MY,5.4112,100.3354,79.0,88,20,1.14,few clouds
41,Saskylakh,RU,71.9167,114.0833,-1.66,95,63,4.03,broken clouds
42,Upernavik,GL,72.7868,-56.1549,-10.1,99,97,4.94,overcast clouds
43,Bluff,NZ,-46.6,168.3333,60.01,79,51,4.0,broken clouds
44,Esperance,AU,-33.8667,121.9,55.4,100,16,6.91,few clouds
45,Henties Bay,NA,-22.116,14.2845,79.0,29,0,5.01,clear sky
46,Hithadhoo,MV,-0.6,73.0833,81.7,68,41,2.01,scattered clouds
47,Bethel,US,41.3712,-73.414,66.2,42,90,9.22,overcast clouds
48,Seoul,KR,37.5683,126.9778,46.4,76,75,5.75,broken clouds
49,Abnub,EG,27.2696,31.1511,66.2,45,0,5.75,clear sky
50,Ilinskiy,RU,55.619,38.1182,54.0,61,92,4.7,overcast clouds
51,Comodoro Rivadavia,AR,-45.8667,-67.5,60.8,67,0,2.3,clear sky
52,Bitung,ID,1.4451,125.1824,77.0,94,20,3.8,few clouds
53,New Norfolk,AU,-42.7826,147.0587,53.01,69,82,5.99,light rain
54,Nuuk,GL,64.1835,-51.7216,21.2,93,90,18.41,light snow
55,Yakeshi,CN,49.2833,120.7333,34.03,52,88,6.06,overcast clouds
56,Longyearbyen,SJ,78.2186,15.6401,6.8,61,75,16.11,broken clouds
57,Cape Town,ZA,-33.9258,18.4232,63.0,88,0,6.91,clear sky
58,Geraldton,AU,-28.7667,114.6,59.0,67,0,12.66,clear sky
59,Puerto Del Rosario,ES,28.5004,-13.8627,68.0,73,0,9.22,clear sky
60,Venado Tuerto,AR,-33.7456,-61.9688,63.0,99,0,4.0,clear sky
61,Kapaa,US,22.0752,-159.319,78.8,61,40,16.11,scattered clouds
62,Guerrero Negro,MX,27.9769,-114.0611,62.42,64,64,20.27,broken clouds
63,Waddan,LY,29.1614,16.139,62.38,48,100,3.29,overcast clouds
64,Souillac,MU,-20.5167,57.5167,78.8,83,40,11.5,light rain
65,Carnarvon,AU,-24.8667,113.6333,74.57,44,0,19.26,clear sky
66,Kambove,CD,-10.8764,26.5969,58.33,97,98,3.44,overcast clouds
67,Belmonte,BR,-15.8631,-38.8828,73.4,83,75,4.61,broken clouds
68,Butaritari,KI,3.0707,172.7902,81.39,78,86,7.54,moderate rain
69,Dikson,RU,73.5069,80.5464,-21.3,100,100,5.97,overcast clouds
70,Sinnamary,GF,5.3833,-52.95,78.66,89,88,9.86,overcast clouds
71,Cockburn Town,TC,21.4612,-71.1419,75.2,60,20,13.8,few clouds
72,Mahebourg,MU,-20.4081,57.7,78.8,83,40,11.5,light rain
73,Hobart,AU,-42.8794,147.3294,57.2,51,20,21.85,light rain
74,Yellowknife,CA,62.456,-114.3525,42.8,39,1,5.75,clear sky
75,Barrow,US,71.2906,-156.7887,15.8,73,1,13.8,clear sky
76,Kruisfontein,ZA,-34.0033,24.7314,60.01,96,60,3.85,broken clouds
77,Oliveira Dos Brejinhos,BR,-12.3169,-42.8961,74.8,49,93,0.81,overcast clouds
78,Sayyan,YE,15.1718,44.3244,58.6,49,3,2.24,clear sky
79,Rundu,NA,-17.9333,19.7667,61.7,52,33,5.95,scattered clouds
80,Port Elizabeth,ZA,-33.918,25.5701,59.0,100,20,4.61,few clouds
81,Vicksburg,US,32.3526,-90.8779,64.4,88,90,5.75,mist
82,Nikolskoye,RU,59.7035,30.7861,37.99,69,0,4.47,clear sky
83,Adrar,MR,20.5022,-10.0711,77.14,19,42,11.92,scattered clouds
84,Port Blair,IN,11.6667,92.75,81.21,77,96,1.99,overcast clouds
85,Flin Flon,CA,54.7682,-101.865,42.8,19,20,4.61,few clouds
86,Lagoa,PT,39.05,-27.9833,60.85,87,91,10.8,overcast clouds
87,Sao Jose Da Coroa Grande,BR,-8.8978,-35.1478,77.07,87,53,6.67,heavy intensity rain
88,Port Alfred,ZA,-33.5906,26.891,67.3,81,82,6.44,broken clouds
89,Payo,ID,-3.7508,103.6372,73.33,95,95,0.98,light rain
90,Andenes,NO,69.3143,16.1194,39.2,81,90,24.16,light rain
91,Qaanaaq,GL,77.484,-69.3632,-11.2,67,0,6.06,clear sky
92,Bobrovytsya,UA,50.75,31.3833,53.01,71,0,2.24,clear sky
93,Tasiilaq,GL,65.6145,-37.6368,33.8,93,90,12.66,overcast clouds
94,Poum,NC,-20.2333,164.0167,75.96,88,97,12.82,overcast clouds
95,Gravdal,NO,68.1214,13.5031,40.41,84,100,27.72,overcast clouds
96,Pevek,RU,69.7008,170.3133,3.49,74,29,4.34,scattered clouds
97,Union,US,40.6334,-74.2663,64.4,63,90,4.61,overcast clouds
98,Saldanha,ZA,-33.0117,17.9442,73.4,49,63,10.36,broken clouds
99,Lebu,CL,-37.6167,-73.65,56.34,92,66,4.9,broken clouds
100,Vaini,TO,-21.2,-175.2,80.6,74,40,8.05,scattered clouds
101,Walvis Bay,NA,-22.9575,14.5053,79.0,29,0,5.01,clear sky
102,Bredasdorp,ZA,-34.5322,20.0403,51.8,93,8,3.44,clear sky
103,Contamana,PE,-7.3333,-75.0167,74.23,96,100,0.63,overcast clouds
104,Andra,RU,62.5147,65.8878,43.25,88,83,12.86,broken clouds
105,Hilo,US,19.7297,-155.09,80.6,54,1,12.66,clear sky
106,Kailua,US,21.4022,-157.7394,82.4,61,40,13.8,scattered clouds
107,Aulnoye-Aymeries,FR,50.2014,3.8384,36.0,87,24,6.91,few clouds
108,College,US,64.8569,-147.8028,48.2,40,75,4.61,broken clouds
109,Newport,GB,51.5877,-2.9984,39.0,79,27,7.29,scattered clouds
110,Lompoc,US,34.6391,-120.4579,59.0,58,78,11.5,broken clouds
111,Wodonga,AU,-36.1167,146.8833,60.01,77,0,6.2,clear sky
112,Katherine,AU,-14.4667,132.2667,73.4,73,79,3.44,broken clouds
113,Faya,SA,18.3851,42.4509,64.4,55,0,2.53,clear sky
114,Voh,NC,-20.9667,164.7,77.18,90,89,5.57,light rain
115,Blatec,MK,41.8378,22.5781,35.33,86,42,3.2,scattered clouds
116,Arraial Do Cabo,BR,-22.9661,-42.0278,69.8,83,40,2.3,scattered clouds
117,Aksay,RU,47.26,39.87,44.01,93,0,4.47,clear sky
118,Aklavik,CA,68.2191,-135.0107,30.2,55,90,4.61,overcast clouds
119,Ribeira Grande,PT,38.5167,-28.7,61.84,89,76,7.02,broken clouds
120,Vardo,NO,70.3705,31.1107,28.4,86,20,31.07,snow
121,Gornopravdinsk,RU,60.05,69.9,42.39,92,97,8.1,overcast clouds
122,Leningradskiy,RU,69.3833,178.4167,13.32,88,93,5.26,overcast clouds
123,Bowling Green,US,36.9903,-86.4436,57.2,58,90,3.11,overcast clouds
124,Ancud,CL,-41.8697,-73.8203,51.01,83,47,5.99,scattered clouds
125,Tahta,EG,26.7693,31.5021,69.8,28,0,5.75,clear sky
126,Ponta Delgada,PT,37.7333,-25.6667,59.0,82,20,2.3,few clouds
127,Warri,NG,5.5167,5.75,78.21,91,100,3.4,overcast clouds
128,Bayir,TR,37.2687,28.2167,53.6,76,0,5.75,clear sky
129,Urengoy,RU,65.9667,78.3667,35.24,99,100,18.88,overcast clouds
130,Abalak,RU,58.1286,68.5944,42.06,95,25,6.02,scattered clouds
131,Grindavik,IS,63.8424,-22.4338,42.8,93,75,14.97,broken clouds
132,Bonfim,BR,3.0833,-59.95,80.28,79,73,4.03,broken clouds
133,Ponta Do Sol,PT,32.6667,-17.1,64.4,72,20,5.75,few clouds
134,East London,ZA,-33.0153,27.9116,69.31,78,70,5.35,broken clouds
135,Cherskiy,RU,68.75,161.3,14.4,67,32,4.74,scattered clouds
136,Saint-Georges,GD,12.0564,-61.7485,82.4,83,20,11.5,few clouds
137,Navalcarnero,ES,40.2891,-4.012,57.2,67,0,10.36,clear sky
138,Margate,GB,51.3813,1.3862,41.0,67,13,1.99,few clouds
139,Kanlagay,PH,5.8757,121.2915,81.88,78,82,7.09,broken clouds
140,Mayo,US,38.8876,-76.5119,57.2,94,90,5.75,light rain
141,Lorengau,PG,-2.0226,147.2712,84.51,66,54,6.38,broken clouds
142,Isangel,VU,-19.55,169.2667,85.23,65,20,2.35,few clouds
143,Antalya,TR,36.7741,30.7178,55.4,94,40,3.44,scattered clouds
144,Xining,CN,36.6167,101.7667,38.37,53,95,0.2,overcast clouds
145,Enumclaw,US,47.2043,-121.9915,68.0,37,2,4.0,clear sky
146,Thompson,CA,55.7435,-97.8558,39.2,20,40,3.44,scattered clouds
147,Yulara,AU,-25.2406,130.9889,64.4,55,75,10.36,broken clouds
148,Touros,BR,-5.1989,-35.4608,78.8,89,0,4.61,clear sky
149,Pali,IN,25.7667,73.3333,77.02,30,2,4.97,clear sky
150,Labuhan,ID,-6.8844,112.2051,78.48,83,84,7.56,broken clouds
151,Airai,TL,-8.9266,125.4092,66.34,51,39,3.15,scattered clouds
152,Northam,GB,51.0333,-4.2167,42.01,82,43,3.0,scattered clouds
153,Norman Wells,CA,65.282,-126.8329,44.6,45,75,20.71,broken clouds
154,Bengkulu,ID,-3.8004,102.2655,75.09,88,82,4.14,broken clouds
155,Puqi,CN,29.7167,113.8833,59.16,96,100,2.55,overcast clouds
156,Vila Franca Do Campo,PT,37.7167,-25.4333,59.0,82,20,2.3,few clouds
157,Lavrentiya,RU,65.5833,-171.0,28.96,93,100,2.1,light snow
158,Marrakesh,MA,31.6315,-8.0083,64.4,68,40,8.05,scattered clouds
159,Bagepalli,IN,13.7847,77.7931,66.2,100,75,2.3,broken clouds
160,Praia,CV,14.9215,-23.5087,73.4,60,0,20.71,clear sky
161,Portland,US,45.5234,-122.6762,70.0,18,1,8.05,clear sky
162,Wonthaggi,AU,-38.6044,145.5913,61.0,71,87,19.13,overcast clouds
163,Kurunegala,LK,7.4863,80.3623,77.0,88,20,3.44,few clouds
164,Helong,CN,42.5397,128.9972,49.57,23,7,7.65,clear sky
165,Palmer,US,42.1584,-72.3287,60.8,55,75,11.5,broken clouds
166,Quatre Cocos,MU,-20.2078,57.7625,78.8,83,40,11.5,light rain
167,Ajdabiya,LY,30.7554,20.2263,61.84,74,70,12.19,broken clouds
168,Grandview,US,38.8858,-94.533,57.2,35,1,12.66,clear sky
169,Chicama,PE,-7.8447,-79.1469,68.0,83,40,13.8,scattered clouds
170,Matay,EG,28.419,30.7792,64.47,38,0,10.02,clear sky
171,Nabire,ID,-3.3667,135.4833,79.45,76,100,3.09,overcast clouds
172,Tiarei,PF,-17.5333,-149.3333,86.0,74,90,8.05,overcast clouds
173,San Juan,AR,-31.5375,-68.5364,72.59,36,0,9.35,clear sky
174,Kahului,US,20.8947,-156.47,80.6,50,40,18.41,scattered clouds
175,Sao Joao Da Barra,BR,-21.6403,-41.0511,71.33,74,21,10.51,few clouds
176,Balkhash,KZ,46.844,74.9804,43.83,54,0,18.95,clear sky
177,Abbeville,FR,50.1,1.8333,36.0,82,7,6.04,clear sky
178,Meulaboh,ID,4.1363,96.1285,76.71,87,77,3.2,broken clouds
179,Hornepayne,CA,49.2138,-84.7705,34.72,95,100,9.89,overcast clouds
180,Kargasok,RU,59.0556,80.8572,35.11,99,100,6.93,overcast clouds
181,Samarai,PG,-10.6167,150.6667,80.04,81,100,10.63,overcast clouds
182,Haapiti,PF,-17.5667,-149.8667,86.0,74,90,8.05,overcast clouds
183,Tibu,CO,8.639,-72.7358,77.68,90,100,2.75,overcast clouds
184,Itarema,BR,-2.9248,-39.9167,79.54,82,38,11.27,scattered clouds
185,Constitucion,CL,-35.3333,-72.4167,56.07,92,25,10.54,scattered clouds
186,Kupang,ID,-10.1667,123.5833,79.48,76,34,4.83,scattered clouds
187,Adeje,ES,28.1227,-16.726,68.0,83,20,1.14,few clouds
188,Atuona,PF,-9.8,-139.0333,80.94,73,58,19.51,broken clouds
189,Roald,NO,62.5833,6.1333,39.2,75,90,9.22,overcast clouds
190,Port Augusta,AU,-32.5,137.7667,60.8,59,97,4.61,overcast clouds
191,Chapais,CA,49.7834,-74.8492,59.0,26,1,6.91,clear sky
192,Paamiut,GL,61.994,-49.6678,25.43,80,85,26.69,overcast clouds
193,Imeni Poliny Osipenko,RU,52.4201,136.4853,24.33,74,91,5.7,overcast clouds
194,Muyezerskiy,RU,63.9333,31.65,23.18,96,7,3.11,clear sky
195,Hamilton,US,39.1834,-84.5333,60.8,51,20,5.75,few clouds
196,Yumen,CN,40.2833,97.2,36.34,17,23,11.36,few clouds
197,Si Satchanalai,TH,17.5169,99.7598,73.4,88,40,2.3,scattered clouds
198,Los Llanos De Aridane,ES,28.6585,-17.9182,68.0,68,0,4.61,clear sky
199,Moanda,GA,-1.5575,13.2178,69.06,98,82,1.68,light rain
200,Charagua,BO,-19.8,-63.2167,78.26,47,54,10.16,broken clouds
201,Kavieng,PG,-2.5744,150.7967,84.0,66,43,6.11,scattered clouds
202,Kamaishi,JP,39.2667,141.8833,41.0,60,75,4.61,broken clouds
203,Nelson Bay,AU,-32.7167,152.15,73.0,49,0,6.91,clear sky
204,Kavaratti,IN,10.5669,72.642,83.1,69,5,2.37,clear sky
205,Lebedinyy,RU,58.5167,125.5167,22.68,93,100,8.37,snow
206,Port Moresby,PG,-9.4431,147.1797,82.4,69,40,9.22,haze
207,Usuki,JP,33.1081,131.7878,55.4,54,40,10.36,scattered clouds
208,Barcelona,ES,41.3888,2.159,54.0,76,0,4.61,clear sky
209,Narsaq,GL,60.9167,-46.05,33.8,75,20,4.61,few clouds
210,Rio Bravo,MX,25.9833,-98.1,93.2,46,40,11.5,scattered clouds
211,Cidreira,BR,-30.1811,-50.2056,71.64,68,38,18.32,scattered clouds
212,Baft,IR,29.234,56.6057,51.15,60,21,5.68,few clouds
213,Eureka,US,40.8021,-124.1637,59.0,62,1,17.27,clear sky
214,Hambantota,LK,6.1241,81.1185,79.11,81,100,5.59,overcast clouds
215,Richards Bay,ZA,-28.783,32.0377,74.71,88,55,9.1,broken clouds
216,Malanville,BJ,11.8685,3.3899,86.92,20,99,3.09,overcast clouds
217,Savannakhet,LA,16.566,104.751,80.89,68,59,4.41,broken clouds
218,Amapa,BR,1.0,-52.0,73.71,98,100,2.39,overcast clouds
219,Tabuk,PH,17.4189,121.4443,78.58,77,78,1.86,broken clouds
220,Pudozh,RU,61.8099,36.5345,28.02,95,100,2.98,overcast clouds
221,Matara,LK,5.9485,80.5353,77.14,86,94,0.89,overcast clouds
222,Chokurdakh,RU,70.6333,147.9167,4.86,87,65,5.57,broken clouds
223,Victoria,HK,22.2855,114.1577,73.0,92,97,21.59,overcast clouds
224,Tiksi,RU,71.6872,128.8694,10.09,93,92,0.89,overcast clouds
225,Warmbad,NA,-28.45,18.7333,78.42,22,0,10.42,clear sky
226,Hamburg,DE,53.55,10.0,35.01,100,0,1.14,clear sky
227,Kodiak,US,57.79,-152.4072,44.6,65,90,9.22,light rain
228,Kavadarci,MK,41.4331,22.0119,42.8,65,40,6.91,scattered clouds
229,Inirida,CO,3.8653,-67.9239,72.37,99,100,2.04,overcast clouds
230,Simao,CN,22.7886,100.9748,64.29,51,73,0.87,broken clouds
231,Bokhan,RU,53.153,103.7714,31.3,80,99,6.89,light snow
232,Bathsheba,BB,13.2167,-59.5167,78.8,69,40,8.05,scattered clouds
233,Ilulissat,GL,69.2167,-51.1,15.8,67,75,17.27,snow
234,Alofi,NU,-19.0595,-169.9187,80.6,69,40,5.75,scattered clouds
235,Muros,ES,42.7762,-9.0603,55.0,69,34,3.0,scattered clouds
236,Kudahuvadhoo,MV,2.6708,72.8944,82.44,65,63,9.33,broken clouds
237,Bambous Virieux,MU,-20.3428,57.7575,78.8,83,40,11.5,light rain
238,Fairbanks,US,64.8378,-147.7164,48.2,40,90,9.22,haze
239,Tynda,RU,55.1667,124.7167,24.35,76,74,3.02,broken clouds
240,Garmsar,IR,35.2182,52.3409,67.42,32,97,2.82,overcast clouds
241,Coquimbo,CL,-29.9533,-71.3436,59.0,88,90,8.05,overcast clouds
242,Kenai,US,60.5544,-151.2583,42.8,75,75,8.05,light rain
243,Bilibino,RU,68.0546,166.4372,10.27,66,22,3.24,few clouds
244,Tocopilla,CL,-22.092,-70.1979,67.35,71,25,6.8,scattered clouds
245,Oranjemund,NA,-28.55,16.4333,73.56,39,0,5.32,clear sky
246,Taltal,CL,-25.4,-70.4833,64.54,78,22,3.4,few clouds
247,Formosa Do Rio Preto,BR,-11.0483,-45.1931,75.42,59,94,1.28,overcast clouds
248,Kalabo,ZM,-14.97,22.6814,64.76,83,89,5.93,light rain
249,Santiago De Cao,PE,-7.9589,-79.2392,68.0,83,40,13.8,scattered clouds
250,Saint-Augustin,CA,51.226,-58.6502,37.2,62,0,3.94,clear sky
251,Kibala,TD,9.1104,18.3463,86.0,51,0,2.53,clear sky
252,Pisco,PE,-13.7,-76.2167,68.0,77,0,13.8,clear sky
253,Bambanglipuro,ID,-7.95,110.2833,77.61,84,82,3.15,broken clouds
254,Rincon,US,32.296,-81.2354,75.2,53,75,16.11,broken clouds
255,Port-Gentil,GA,-0.7193,8.7815,80.6,89,40,4.61,scattered clouds
256,Hobyo,SO,5.3505,48.5268,81.36,67,96,11.14,overcast clouds
257,Vila Velha,BR,-20.3297,-40.2925,75.2,78,0,12.66,clear sky
258,Japura,ID,-0.3167,102.35,74.5,97,99,0.56,overcast clouds
259,Edmundston,CA,47.3737,-68.3251,55.4,35,0,2.3,clear sky
260,Te Anau,NZ,-45.4167,167.7167,52.18,88,95,5.06,overcast clouds
261,Hovd,MN,48.0056,91.6419,35.04,32,100,1.92,overcast clouds
262,Mayumba,GA,-3.432,10.6554,78.64,88,97,9.53,overcast clouds
263,Rjukan,NO,59.8789,8.5941,37.99,68,33,1.01,scattered clouds
264,Whyalla,AU,-33.0333,137.5833,60.8,59,49,4.61,scattered clouds
265,Rangkasbitung,ID,-6.3591,106.2494,82.0,88,96,1.14,mist
266,Sechura,PE,-5.5569,-80.8222,74.79,64,86,16.22,overcast clouds
267,Balabac,PH,7.9868,117.0645,81.75,76,17,6.69,few clouds
268,Thinadhoo,MV,0.5333,72.9333,81.9,65,76,3.71,broken clouds
269,Luanda,AO,-8.8368,13.2343,80.6,89,20,3.44,light rain
270,Swellendam,ZA,-34.0226,20.4417,51.8,93,5,3.44,clear sky
271,Gobabis,NA,-22.45,18.9667,60.84,37,0,8.81,clear sky
272,Teahupoo,PF,-17.8333,-149.2667,86.0,74,90,8.05,overcast clouds
273,Umm Lajj,SA,25.0213,37.2685,73.63,48,0,8.9,clear sky
274,Castro,BR,-24.7911,-50.0119,56.7,86,99,7.85,overcast clouds
275,Barkhan,PK,29.8977,69.5256,68.54,18,99,3.0,overcast clouds
276,Tucuma,BR,-0.1833,-50.05,76.84,93,100,5.17,overcast clouds
277,Provideniya,RU,64.3833,-173.3,19.4,68,0,4.47,clear sky
278,Yerbogachen,RU,61.2767,108.0108,21.81,81,61,4.9,broken clouds
279,Ayorou,NE,14.7308,0.9174,87.82,7,88,6.15,overcast clouds
280,Severo-Kurilsk,RU,50.6789,156.125,39.36,92,100,22.15,light rain
281,Baruun-Urt,MN,46.6806,113.2792,30.88,73,100,29.62,overcast clouds
282,Staryy Nadym,RU,65.6118,72.6842,36.82,99,100,15.35,overcast clouds
283,Simpang,ID,-1.2667,104.0833,76.33,89,90,1.05,light rain
284,Kerema,PG,-7.9631,145.7785,82.35,65,89,4.68,overcast clouds
285,Necochea,AR,-38.5473,-58.7368,62.01,79,0,5.01,clear sky
286,Ust-Kut,RU,56.7938,105.7672,27.66,92,100,1.7,overcast clouds
287,Namatanai,PG,-3.6667,152.4333,84.02,68,72,4.09,broken clouds
288,Srednekolymsk,RU,67.45,153.6833,12.9,71,18,5.35,few clouds
289,Vera Cruz,BR,-12.6333,-41.0333,71.6,78,0,3.44,clear sky
290,Saint-Philippe,RE,-21.3585,55.7679,77.0,78,90,6.91,light rain
291,Coihaique,CL,-45.5752,-72.0662,48.2,76,75,12.66,broken clouds
292,Laurel,US,39.0993,-76.8483,57.99,100,90,3.44,moderate rain
293,Midland,US,31.9974,-102.0779,55.4,82,90,11.5,overcast clouds
294,Brandon,US,27.9378,-82.2859,82.4,51,75,5.75,broken clouds
295,Garowe,SO,8.4054,48.4845,72.54,84,16,8.81,few clouds
296,Chany,RU,55.3121,76.7647,36.64,99,100,3.67,overcast clouds
297,Ahipara,NZ,-35.1667,173.1667,65.39,65,58,11.74,broken clouds
298,Messina,IT,38.1933,15.5497,57.0,62,20,10.36,few clouds
299,Dapaong,TG,10.8639,0.205,89.04,25,86,3.33,overcast clouds
300,Flagstaff,US,35.1981,-111.6513,61.0,15,1,26.46,clear sky
301,Besuki,ID,-7.7338,113.6979,80.15,79,72,1.23,broken clouds
302,Port Said,EG,31.2565,32.2841,60.8,82,0,5.75,clear sky
303,Atakpame,TG,7.5333,1.1333,74.95,76,97,4.76,overcast clouds
304,Kalmunai,LK,7.4167,81.8167,77.81,85,99,7.96,overcast clouds
305,Thonon-Les-Bains,FR,46.25,6.5,39.99,77,4,3.76,clear sky
306,Chas,IN,23.6333,86.1667,83.12,15,100,9.04,overcast clouds
307,Oriximina,BR,-1.7656,-55.8661,77.85,86,97,2.55,overcast clouds
308,Saint-Francois,FR,46.4154,3.9054,33.8,69,0,4.61,clear sky
309,Sur,OM,22.5667,59.5289,83.77,41,27,10.63,scattered clouds
310,Havre-Saint-Pierre,CA,50.2334,-63.5986,37.4,81,1,4.61,clear sky
311,Agirish,RU,61.9247,63.0231,48.24,77,78,14.18,broken clouds
312,Hokitika,NZ,-42.7167,170.9667,55.51,88,91,1.43,overcast clouds
313,Bima,ID,-8.4667,118.7167,79.61,86,8,3.49,clear sky
314,Bud,US,39.447,-86.1758,57.0,38,1,13.8,clear sky
315,Husavik,IS,66.0449,-17.3389,41.0,70,40,3.44,scattered clouds
316,Balaipungut,ID,1.05,101.2833,75.2,100,40,1.66,scattered clouds
317,Jepara,ID,-5.1695,105.7044,75.79,93,95,2.13,overcast clouds
318,Arandis,NA,-22.4167,14.9667,79.0,29,0,5.01,clear sky
319,Kasangulu,CD,-4.5911,15.1708,77.0,83,40,6.91,moderate rain
320,Clarence Town,AU,-32.5833,151.7833,73.0,49,0,6.91,clear sky
321,Lundazi,ZM,-12.2929,33.1782,59.05,93,63,6.44,broken clouds
322,Sosnovo-Ozerskoye,RU,52.5249,111.5418,26.11,60,29,8.68,scattered clouds
323,Hasaki,JP,35.7333,140.8333,50.0,53,20,16.11,few clouds
324,Emerald,AU,-23.5333,148.1667,73.99,56,1,8.05,clear sky
325,Aykhal,RU,66.0,111.5,16.5,96,80,3.33,broken clouds
326,Saint George,US,37.1041,-113.5841,71.6,15,1,16.11,clear sky
327,Pauini,BR,-7.7136,-66.9764,74.32,96,95,1.52,light rain
328,Timmins,CA,48.4669,-81.3331,51.8,66,40,8.05,scattered clouds
329,Faanui,PF,-16.4833,-151.75,81.99,73,100,11.99,overcast clouds
330,Taoudenni,ML,22.6783,-3.9836,87.1,12,8,12.82,clear sky
331,Akyab,MM,20.15,92.9,78.51,83,91,2.08,overcast clouds
332,Hryshkivtsi,UA,49.9353,28.6038,45.86,76,97,3.09,overcast clouds
333,Gambela,ET,8.25,34.5833,80.92,51,75,2.17,broken clouds
334,Carlyle,US,38.6103,-89.3726,60.8,41,1,11.5,clear sky
335,Nuevo Casas Grandes,MX,30.4167,-107.9167,79.0,10,100,15.99,overcast clouds
336,Abu Samrah,SY,35.3029,37.1841,53.76,58,10,1.83,clear sky
337,Mayor Pablo Lagerenza,PY,-19.9309,-60.7718,77.34,50,0,4.92,clear sky
338,San Andres,CO,12.5847,-81.7006,84.2,70,75,14.97,broken clouds
339,Stony Plain,CA,53.5334,-114.0021,60.8,15,1,3.44,clear sky
340,Marfino,RU,55.7028,37.3822,54.0,37,0,6.71,light rain
341,Honiara,SB,-9.4333,159.95,85.28,70,63,4.32,broken clouds
342,Dingle,PH,10.9995,122.6711,81.46,76,100,6.22,overcast clouds
343,Tura,IN,25.5198,90.2201,74.17,63,88,6.29,overcast clouds
344,Penzance,GB,50.1186,-5.5371,46.0,81,40,6.91,scattered clouds
345,Marystown,CA,47.1666,-55.1483,35.46,82,94,16.08,overcast clouds
346,Pacific Grove,US,36.6177,-121.9166,62.6,48,20,13.8,few clouds
347,Chimbote,PE,-9.0853,-78.5783,67.23,86,80,6.89,broken clouds
348,Beira,MZ,-19.8436,34.8389,77.0,83,0,3.11,clear sky
349,Furano,JP,43.2818,142.4743,37.4,75,20,11.5,few clouds
350,Boguchany,RU,58.3814,97.4531,26.92,85,27,5.21,scattered clouds
351,Sablan,PH,16.493,120.4954,77.97,66,70,1.07,broken clouds
352,Camacha,PT,33.0833,-16.3333,62.6,88,40,9.22,scattered clouds
353,Harrisonburg,US,38.4496,-78.8689,55.99,100,90,0.76,light rain
354,Maralal,KE,1.0968,36.698,59.9,72,75,4.79,broken clouds
355,Aasiaat,GL,68.7098,-52.8699,9.28,92,93,2.39,overcast clouds
356,Alta Floresta,BR,-9.8756,-56.0861,72.37,93,98,1.45,overcast clouds
357,Harlingen,US,26.1906,-97.6961,89.6,62,1,18.41,clear sky
358,Jacareacanga,BR,-6.2222,-57.7528,75.36,95,100,0.2,light rain
359,Karratha,AU,-20.7377,116.8463,80.06,63,66,16.2,broken clouds
360,Tibacuy,CO,4.3511,-72.4564,75.2,87,98,4.27,overcast clouds
361,Abha,SA,18.2164,42.5053,64.4,55,0,3.04,clear sky
362,Bilma,NE,18.6853,12.9164,83.01,8,0,10.09,clear sky
363,Saint-Denis,FR,48.9167,2.3333,42.01,75,30,8.05,scattered clouds
364,Lamar,US,33.6668,-95.5836,63.0,77,90,13.8,overcast clouds
365,Cam Ranh,VN,11.9214,109.1591,78.8,89,20,1.14,few clouds
366,Lata,PT,40.1629,-8.3327,61.0,94,100,2.8,overcast clouds
367,Bereda,ES,43.2686,-7.5406,44.01,97,18,5.99,few clouds
368,Khlong Luang,TH,14.0647,100.6458,84.99,94,20,3.44,few clouds
369,Am Timan,TD,11.0297,20.2827,84.61,8,61,7.16,broken clouds
370,Santa Maria Da Vitoria,BR,-13.3947,-44.1886,77.43,55,96,3.13,overcast clouds
371,Kamenka,RU,51.3223,42.7678,48.92,69,42,8.3,scattered clouds
372,Fukumitsu,JP,36.55,136.8667,53.01,52,2,4.7,clear sky
373,Great Yarmouth,GB,52.6083,1.7305,39.99,80,19,2.3,few clouds
374,Cap Malheureux,MU,-19.9842,57.6142,75.99,86,88,13.2,light rain
375,Caribou,US,46.8606,-68.012,57.2,24,1,4.61,clear sky
376,Puerto Ayora,EC,-0.7393,-90.3518,80.6,78,20,13.8,few clouds
377,Manuk Mangkaw,PH,4.8,119.85,82.76,74,69,11.05,broken clouds
378,Vikulovo,RU,56.8167,70.6107,45.63,90,34,7.7,scattered clouds
379,Hinton,CA,53.4001,-117.5857,62.6,17,74,8.05,broken clouds
380,Concarneau,FR,47.875,-3.9225,41.0,75,0,6.91,clear sky
381,Kang,BW,-23.6752,22.7876,65.55,34,0,2.62,clear sky
382,Miranda,CO,3.2499,-76.2281,78.8,69,75,11.5,broken clouds
383,Mamakan,RU,57.8161,114.0028,27.99,90,100,3.87,light snow
384,Homer,US,59.6425,-151.5483,39.2,87,90,11.5,light snow
385,Eyl,SO,7.9803,49.8164,79.34,73,43,6.02,scattered clouds
386,Elizabeth City,US,36.2946,-76.2511,66.2,55,1,10.36,clear sky
387,Half Moon Bay,US,37.4636,-122.4286,66.2,71,1,5.75,haze
388,Komsomolskiy,UZ,40.4272,71.7189,53.6,76,100,4.0,overcast clouds
389,Mananjary,MG,-21.2167,48.3333,72.88,93,100,4.07,overcast clouds
390,Luderitz,NA,-26.6481,15.1594,74.73,33,0,5.08,clear sky
391,Tilichiki,RU,60.4667,166.1,18.14,84,100,7.7,overcast clouds
392,Keffi,NG,8.8486,7.8736,78.8,78,20,8.05,light rain
393,Mastic Beach,US,40.7668,-72.8521,57.0,82,40,4.61,scattered clouds
394,Bhongir,IN,17.5108,78.8889,72.0,88,75,5.75,moderate rain
395,Zhirnovsk,RU,50.9845,44.7735,50.4,62,40,9.57,scattered clouds
396,Jumla,NP,29.2747,82.1838,45.36,46,27,5.26,scattered clouds
397,Cayenne,GF,4.9333,-52.3333,82.0,89,90,3.44,overcast clouds
398,Majene,ID,-3.5403,118.9707,80.62,79,48,3.8,scattered clouds
399,Cascais,PT,38.6979,-9.4215,61.0,90,100,8.37,overcast clouds
400,Kaitangata,NZ,-46.2817,169.8464,62.01,80,80,1.99,broken clouds
401,Lasa,IT,46.6166,10.7002,37.0,68,0,8.05,light snow
402,Knysna,ZA,-34.0363,23.0471,60.8,100,90,4.61,mist
403,Yabelo,ET,4.8833,38.0833,61.47,78,90,3.87,light rain
404,San Policarpo,PH,12.1791,125.5072,81.18,82,100,6.17,moderate rain
405,Broken Hill,AU,-31.95,141.4333,59.0,55,45,9.22,scattered clouds
406,Hohhot,CN,40.8106,111.6522,37.4,60,0,4.47,clear sky
407,Zaysan,KZ,47.4667,84.8667,41.32,43,51,2.77,broken clouds
408,Ugoofaaru,MV,5.6667,73.0,82.65,72,52,6.6,broken clouds
409,Camana,PE,-16.6228,-72.7111,68.5,85,42,5.7,scattered clouds
410,Birao,CF,10.2849,22.7882,75.29,7,15,6.76,few clouds
411,Powell,US,40.1578,-83.0752,60.8,39,20,12.66,few clouds
412,Crixas,BR,-14.5489,-49.9692,74.26,64,72,3.8,broken clouds
413,Cravo Norte,CO,6.3017,-70.2041,73.67,95,100,3.65,moderate rain
414,Yazman,PK,29.1212,71.7446,78.87,22,88,6.02,overcast clouds
415,Chalon-Sur-Saone,FR,46.7833,4.85,37.4,70,0,6.91,clear sky
416,Deputatskiy,RU,69.3,139.9,-3.3,99,100,3.91,overcast clouds
417,Naze,JP,28.3667,129.4833,69.8,64,75,18.41,broken clouds
418,Atbasar,KZ,51.8,68.3333,30.94,72,4,2.75,clear sky
419,Mount Isa,AU,-20.7333,139.5,82.4,34,0,8.05,clear sky
420,Aktau,KZ,43.65,51.2,48.2,87,0,11.18,clear sky
421,Coahuayana,MX,18.7333,-103.6833,84.2,54,40,17.27,scattered clouds
422,San Patricio,US,28.017,-97.5169,87.8,66,40,13.8,scattered clouds
423,Sitka,US,57.0531,-135.33,44.6,76,90,6.91,light rain
424,Vestmanna,FO,62.1564,-7.1664,44.6,100,75,11.5,broken clouds
425,Asau,RO,46.4333,26.4,39.99,66,100,3.38,overcast clouds
426,Kasongo-Lunda,CD,-6.4667,16.8167,70.14,96,100,1.3,overcast clouds
427,Arlit,NE,18.7369,7.3853,84.13,8,2,7.94,clear sky
428,Westport,US,41.1415,-73.3579,57.99,76,90,11.5,overcast clouds
429,Plettenberg Bay,ZA,-34.0527,23.3716,62.64,90,66,3.22,broken clouds
430,Aksarka,RU,66.5606,67.7975,35.15,99,100,11.56,light rain
431,Tateyama,JP,34.9833,139.8667,52.0,50,75,21.85,broken clouds
432,Umm Kaddadah,SD,13.6017,26.6876,73.09,10,1,13.6,clear sky
433,Srivardhan,IN,18.0333,73.0167,79.9,64,0,1.68,clear sky
434,Abu Kamal,SY,34.4506,40.9171,60.3,28,1,4.47,clear sky
435,Urumqi,CN,43.801,87.6005,48.2,27,0,4.47,clear sky
436,Salina,US,38.8403,-97.6114,57.99,37,1,11.5,clear sky
437,Mnogovershinnyy,RU,53.9353,139.9242,21.31,83,99,10.87,overcast clouds
438,Promyshlennovskiy,RU,55.4833,86.2,32.0,86,0,6.71,clear sky
439,Kununurra,AU,-15.7667,128.7333,69.8,88,48,3.27,scattered clouds
440,Mina,MX,26.0011,-100.5299,91.4,38,75,8.05,broken clouds
441,Tortosa,ES,40.8125,0.5216,54.0,95,99,2.1,overcast clouds
442,Gwadar,PK,25.1216,62.3254,77.77,81,63,5.01,broken clouds
443,Kencong,ID,-8.2833,113.3667,77.74,83,36,2.39,scattered clouds
444,Maputo,MZ,-25.9653,32.5892,75.99,88,75,2.3,broken clouds
445,Okhtyrka,UA,50.3104,34.8988,48.04,88,98,4.34,overcast clouds
446,San Isidro,PE,-12.1167,-77.05,68.0,77,0,6.91,clear sky
447,Lyubashivka,UA,47.8372,30.2598,45.0,93,100,6.04,overcast clouds
448,Red Bluff,US,40.1785,-122.2358,73.99,14,1,3.44,clear sky
449,Bacolod,PH,10.6667,122.95,83.41,70,100,7.49,overcast clouds
450,Miquelon,PM,47.0975,-56.3814,36.95,83,98,17.52,overcast clouds
451,Tawau,MY,4.2498,117.8871,73.4,94,40,4.72,scattered clouds
452,Mitsamiouli,KM,-11.3847,43.2844,81.32,71,100,5.61,overcast clouds
453,Shache,CN,38.4167,77.2406,55.74,32,72,8.37,broken clouds
454,Daru,PG,-9.0763,143.2092,82.63,71,75,11.92,broken clouds
455,Manzil Salim,TN,35.8567,8.4765,55.4,82,75,6.91,broken clouds
456,Gdov,RU,58.7406,27.8122,35.87,80,100,8.03,overcast clouds
457,Nakamura,JP,32.9833,132.9333,56.19,45,85,2.3,overcast clouds
458,Caravelas,BR,-17.7125,-39.2481,76.62,65,31,10.04,scattered clouds
459,Dzaoudzi,YT,-12.7887,45.2699,80.6,89,75,10.36,broken clouds
460,Sattahip,TH,12.6664,100.9007,82.0,100,20,4.61,few clouds
461,Pangnirtung,CA,66.1451,-65.7125,10.4,79,75,8.05,light snow
462,Saint-Jean-Port-Joli,CA,47.2171,-70.2658,50.0,70,20,2.3,few clouds
463,Tessalit,ML,20.1986,1.0114,88.27,8,18,8.75,few clouds
464,Ixtapa,MX,20.7,-105.2,80.01,69,1,11.5,clear sky
465,Uinskoye,RU,56.8817,56.5813,41.77,93,54,6.08,broken clouds
466,Porto Velho,BR,-8.7619,-63.9039,77.0,94,40,2.3,light rain
467,Mapimi,MX,25.8167,-103.85,96.8,5,20,6.91,few clouds
468,Krasnoselkup,RU,65.7,82.4667,30.92,97,100,26.44,snow
469,Saint Stephen,GB,50.3333,-4.9,46.0,87,51,3.44,broken clouds
470,Yatou,CN,37.15,122.3833,51.03,55,100,15.12,overcast clouds
471,Sisimiut,GL,66.9395,-53.6735,10.35,85,95,19.93,overcast clouds
472,Thunder Bay,CA,48.4001,-89.3168,41.0,70,75,9.22,broken clouds
473,Stutterheim,ZA,-32.5708,27.424,57.81,90,27,3.42,scattered clouds
474,Zhumadian,CN,32.9794,114.0294,56.73,85,99,4.74,overcast clouds
475,Baturaja,ID,-4.1333,104.1667,74.19,94,83,0.74,broken clouds
476,Olafsvik,IS,64.8945,-23.7142,41.61,92,46,15.03,scattered clouds
477,Lovozero,RU,68.005,35.0117,24.21,79,96,23.49,overcast clouds
478,Visnes,NO,59.3556,5.2242,39.2,87,14,10.36,few clouds
479,Tashtagol,RU,52.7657,87.8894,34.39,99,100,3.87,snow
480,Ravar,IR,31.2656,56.8055,65.53,38,97,4.09,overcast clouds
481,Xichang,CN,27.8964,102.2634,57.0,64,0,0.36,clear sky
482,Vestmannaeyjar,IS,63.4427,-20.2734,45.27,86,87,25.05,overcast clouds
483,Namibe,AO,-15.1961,12.1522,80.51,73,47,2.04,scattered clouds
484,Suluq,LY,31.6682,20.2521,60.26,71,55,10.76,broken clouds
485,Bubaque,GW,11.2833,-15.8333,77.61,78,6,15.1,clear sky
486,Carbonia,IT,39.1672,8.5222,55.4,87,40,3.44,scattered clouds
487,Salinopolis,BR,-0.6136,-47.3561,79.11,87,83,9.6,broken clouds
488,Dawson Creek,CA,55.7666,-120.2362,59.0,29,1,5.75,clear sky
489,Tekeli,KZ,44.83,78.8239,42.3,50,16,10.02,few clouds
490,Hun,LY,29.1268,15.9477,62.56,46,100,2.98,overcast clouds
491,Windhoek,NA,-22.5594,17.0832,61.0,39,0,4.61,clear sky
492,Hirara,JP,24.8,125.2833,71.6,88,75,14.97,broken clouds
493,Avera,US,33.194,-82.5271,80.6,26,90,9.22,overcast clouds
494,Inverell,AU,-29.7833,151.1167,73.99,54,21,1.01,few clouds
495,Nhulunbuy,AU,-12.2333,136.7667,82.4,78,40,5.75,scattered clouds
496,Jiexiu,CN,37.0244,111.9125,55.92,48,57,12.24,broken clouds
497,Owando,CG,-0.4819,15.8999,71.87,91,92,2.15,overcast clouds
498,Asbestovskiy,RU,57.7557,61.3967,44.74,92,53,6.15,broken clouds
499,Izhma,RU,65.0083,53.9113,35.38,72,100,11.25,overcast clouds
500,Clyde River,CA,70.4692,-68.5914,-2.2,78,20,13.8,few clouds
501,Havoysund,NO,70.9963,24.6622,28.4,64,40,5.75,scattered clouds
502,Iralaya,HN,15.0,-83.2333,84.2,79,40,9.22,scattered clouds
503,Sambava,MG,-14.2667,50.1667,74.25,90,78,5.53,broken clouds
504,Toamasina,MG,-18.1667,49.3833,73.4,94,40,4.65,light rain
505,Changji,CN,44.0167,87.3167,48.2,27,0,4.47,clear sky
506,Mukhen,RU,48.1,136.1,33.35,40,12,10.87,few clouds
507,Sorland,NO,67.667,12.6934,41.18,85,100,26.44,overcast clouds
508,Karpathos,GR,35.507,27.2132,60.8,82,47,13.8,scattered clouds
509,Lafiagi,NG,8.8667,5.4167,83.82,57,70,5.06,broken clouds
510,Sioux Lookout,CA,50.1001,-91.917,30.2,86,90,6.91,light snow
511,Baoding,CN,38.8511,115.4903,56.73,44,75,11.03,broken clouds
512,Rio Grande,BR,-32.035,-52.0986,68.25,71,0,15.64,clear sky
513,Yola,NG,9.2,12.4833,84.54,49,97,5.77,overcast clouds
514,Khandbari,NP,27.3747,87.2039,65.82,25,23,5.17,few clouds
515,Gigmoto,PH,13.7796,124.39,80.31,84,100,9.01,overcast clouds
516,Sibolga,ID,1.7427,98.7792,77.16,82,79,3.06,broken clouds
517,Ambilobe,MG,-13.2,49.05,71.02,95,71,2.84,broken clouds
518,Scarborough,GB,54.2797,-0.4044,32.0,87,13,4.7,few clouds
519,Savelugu,GH,9.6244,-0.8253,90.03,28,74,7.74,broken clouds
520,Villa Constitucion,AR,-33.2278,-60.3297,70.0,77,0,1.01,clear sky
521,Pandan,PH,14.0453,124.1694,79.79,86,100,11.25,light rain
522,Padang,ID,-0.9492,100.3543,77.95,86,99,3.36,overcast clouds
523,Lixourion,GR,38.2019,20.4314,53.49,63,5,15.59,clear sky
524,Antofagasta,CL,-23.65,-70.4,62.6,77,20,10.36,few clouds
525,Bandarbeyla,SO,9.4942,50.8122,79.5,78,46,5.97,scattered clouds
526,Tromso,NO,69.6496,18.957,33.8,93,90,14.97,light rain and snow
527,Zelenets,RU,61.8849,50.7489,50.0,66,0,11.18,clear sky
528,Kushmurun,KZ,52.4503,64.6311,38.21,64,8,2.42,clear sky
529,Krasnovishersk,RU,60.4078,57.082,40.82,96,34,6.24,scattered clouds
530,Progreso,MX,21.2833,-89.6667,100.4,25,40,11.5,scattered clouds
531,Okha,RU,53.5739,142.9478,23.68,92,100,20.47,light snow
532,Jiwani,PK,25.05,61.7417,78.93,78,32,5.46,scattered clouds
533,Albert Lea,US,43.648,-93.3683,43.0,70,75,11.5,broken clouds
534,Kralendijk,BQ,12.15,-68.2667,82.4,83,20,13.8,few clouds
535,Rameswaram,IN,9.2833,79.3,83.62,71,100,9.4,overcast clouds
536,Myaundzha,RU,63.0494,147.1858,8.31,74,100,2.44,overcast clouds
537,Broome,US,42.2506,-75.833,60.01,71,90,4.61,overcast clouds
538,Galesong,ID,-5.3166,119.3661,73.4,94,20,2.3,few clouds
539,Mwanza,TZ,-2.5167,32.9,67.05,87,100,6.04,light rain
540,Port Shepstone,ZA,-30.7414,30.455,71.51,82,57,8.59,broken clouds
541,Chepareria,KE,1.3077,35.2039,60.39,71,52,5.37,broken clouds
542,Thurso,GB,58.5927,-3.5259,37.4,81,45,3.44,scattered clouds
543,Bukama,CD,-9.2,25.85,68.27,96,100,1.95,overcast clouds
544,Natitingou,BJ,10.3042,1.3796,81.64,25,53,4.0,broken clouds
545,Ozu,JP,33.5,132.55,53.6,58,40,3.44,scattered clouds
546,Acapulco,MX,16.8634,-99.8901,82.4,78,90,8.05,overcast clouds
547,Puyo,EC,-1.4667,-77.9833,71.6,88,75,4.61,light rain
548,Klaksvik,FO,62.2266,-6.589,44.6,100,75,11.5,broken clouds
549,Rocha,UY,-34.4833,-54.3333,58.32,94,6,6.26,clear sky
550,Tautira,PF,-17.7333,-149.15,86.0,74,90,8.05,overcast clouds
551,Ilhabela,BR,-23.7781,-45.3581,70.97,72,71,7.14,broken clouds
552,Concepcion Del Uruguay,AR,-32.4825,-58.2372,69.01,79,0,1.99,clear sky
553,Letnyaya Stavka,RU,45.4306,43.4472,47.44,88,100,10.16,light rain
554,Micheweni,TZ,-4.9667,39.8333,78.49,86,100,11.32,moderate rain
555,Saint Anthony,US,45.0205,-93.218,46.4,66,90,11.5,overcast clouds
556,Albury,AU,-36.0833,146.9167,60.01,77,0,6.4,clear sky
557,Camrose,CA,53.0168,-112.8353,55.0,15,95,5.17,overcast clouds
558,Santa Brigida,ES,28.032,-15.5043,68.0,68,40,16.11,scattered clouds
559,Vung Tau,VN,10.346,107.0843,78.94,80,99,4.68,overcast clouds
560,Jiaozuo,CN,35.2397,113.2331,60.19,51,82,8.72,broken clouds
561,Alanya,TR,36.5438,31.9998,53.6,87,20,5.75,few clouds
562,Qasigiannguit,GL,68.8193,-51.1922,15.8,67,75,17.27,snow
563,Rawson,AR,-43.3002,-65.1023,66.38,55,50,6.4,scattered clouds
564,Ornskoldsvik,SE,63.2909,18.7153,32.0,64,9,9.22,clear sky
565,Bakel,SN,14.905,-12.4568,92.53,11,0,7.36,clear sky
566,Sorata,BO,-15.7667,-68.6333,44.87,95,86,1.88,overcast clouds
567,Tarrafal,CV,15.2833,-23.7667,73.4,60,0,20.71,clear sky
568,Pemangkat,ID,1.1667,108.9667,78.1,85,90,4.0,overcast clouds
569,Kargopol,RU,61.5071,38.9456,34.05,89,100,6.17,overcast clouds
570,Doha,QA,25.2867,51.5333,80.6,44,0,10.36,clear sky
571,Madras,IN,13.0878,80.2785,78.8,94,40,5.75,mist
572,Amahai,ID,-3.3333,128.9167,82.62,69,78,3.2,broken clouds
573,Krasnooktyabrskiy,RU,44.9328,38.3712,50.0,98,48,4.59,scattered clouds
574,Amalapuram,IN,16.5833,82.0167,74.79,93,95,4.63,heavy intensity rain
575,Mansa,IN,29.9833,75.3833,76.48,16,39,6.49,scattered clouds
576,Cozumel,MX,20.5083,-86.9458,84.2,70,75,14.97,broken clouds
577,Lezajsk,PL,50.2626,22.4193,35.01,100,90,8.05,light rain and snow
578,Logrono,ES,42.4667,-2.45,42.8,75,0,1.14,clear sky
579,Porto Belo,BR,-27.1578,-48.5531,75.2,60,75,6.91,broken clouds
580,Anloga,GH,5.7947,0.8973,84.2,84,40,6.91,scattered clouds
581,Qaqortoq,GL,60.7167,-46.0333,33.8,75,20,4.61,few clouds
582,Goderich,CA,43.7501,-81.7165,41.0,70,89,11.5,overcast clouds
583,Berlevag,NO,70.8578,29.0864,32.0,74,40,19.57,scattered clouds
584,Cherepovets,RU,59.1333,37.9,40.24,85,100,9.89,overcast clouds
585,Port Lincoln,AU,-34.7333,135.8667,64.35,54,82,9.04,broken clouds
586,Mathbaria,BD,22.2876,89.9593,77.56,84,82,4.92,broken clouds
587,Bonavista,CA,48.6499,-53.1147,33.01,80,78,3.44,broken clouds
588,Poya,NC,-21.35,165.15,81.23,76,57,4.76,light rain
589,Caconda,AO,-13.7333,15.0667,59.0,76,42,5.08,scattered clouds
590,Yaan,NG,7.3833,8.5667,76.87,68,87,4.14,overcast clouds
591,Havelock,US,34.8791,-76.9013,68.0,68,1,12.66,clear sky
592,Hami,CN,42.8,93.45,45.72,17,0,12.37,clear sky
593,Kayerkan,RU,69.3497,87.7602,9.18,95,100,5.64,light snow
594,Bucsa,HU,47.2,21.0,39.99,87,0,2.3,clear sky
595,Keti Bandar,PK,24.1447,67.4497,79.34,66,37,11.74,scattered clouds
596,Zaragoza,ES,41.6561,-0.8773,55.0,76,20,6.91,few clouds
597,Smithers,CA,54.7804,-127.1743,64.4,22,20,4.61,few clouds
598,Jennings,US,38.7192,-90.2604,61.0,33,20,14.97,few clouds
599,Pizarro,CO,4.9533,-77.366,78.69,86,100,3.15,overcast clouds
600,Puerto Cabezas,NI,14.0351,-83.3888,84.2,79,75,6.91,broken clouds
601,Arrecife,ES,28.963,-13.5477,68.0,77,20,4.61,few clouds
602,Altay,CN,47.8667,88.1167,38.23,40,92,4.03,overcast clouds
603,Nalut,LY,30.3333,10.85,66.36,20,100,15.9,overcast clouds
604,Ryzdvyanyy,RU,45.2656,41.8389,42.8,100,65,4.47,mist
605,Tiznit,MA,29.5833,-9.5,57.69,85,84,12.33,broken clouds
606,Kulhudhuffushi,MV,6.6221,73.07,83.25,68,62,3.47,broken clouds
607,Stryn,NO,61.9045,6.7226,35.01,83,25,5.46,scattered clouds
608,Vilhena,BR,-12.7406,-60.1458,77.0,83,0,4.61,clear sky
609,Shimanovsk,RU,52.0,127.7,34.12,43,27,6.58,scattered clouds
610,Vallentuna,SE,59.5344,18.0776,30.0,86,0,1.14,clear sky
611,Sokyryany,UA,48.4475,27.4168,43.41,85,100,11.3,overcast clouds
612,Mayskiy,RU,47.6931,40.1025,42.8,93,0,4.47,clear sky
613,Mongoumba,CF,3.6415,18.5936,73.13,68,43,3.09,scattered clouds
614,Abilene,US,32.4487,-99.7331,57.2,82,90,11.5,overcast clouds
615,Omsukchan,RU,62.5333,155.8,11.93,80,65,5.66,broken clouds
616,Caledon,ZA,-34.23,19.4265,64.0,88,23,1.99,few clouds
617,Zhigansk,RU,66.7697,123.3711,19.85,90,100,9.1,overcast clouds
618,Vostok,RU,46.4856,135.8833,30.58,36,33,12.24,scattered clouds
619,Pochutla,MX,15.7432,-96.4661,90.0,31,75,12.66,broken clouds
620,Majengo,TZ,-5.15,38.9833,72.86,93,99,7.61,overcast clouds
621,San Lawrenz,MT,36.0553,14.204,55.0,82,0,2.3,clear sky
622,Kiama,AU,-34.6833,150.8667,68.0,54,8,1.99,clear sky
623,Mhlume,SZ,-26.0333,31.85,64.0,93,3,3.62,clear sky
624,Kosh-Agach,RU,50.0,88.6667,23.09,70,71,2.53,broken clouds
625,Santa Ana,US,33.7456,-117.8678,64.99,51,90,12.66,overcast clouds
626,Kieta,PG,-6.2167,155.6333,82.45,78,78,5.37,light rain
627,Tazovskiy,RU,67.4667,78.7,32.58,99,100,14.03,snow
628,La Palma,US,33.8464,-118.0467,64.99,59,75,5.75,broken clouds
629,Lagos,NG,6.5833,3.75,84.2,74,20,6.91,few clouds
630,Chokwe,MZ,-24.5333,32.9833,67.01,89,0,2.48,clear sky
631,Van Buren,US,35.4368,-94.3483,63.0,59,90,1.34,overcast clouds
632,Carcassonne,FR,43.25,2.1667,42.8,87,0,2.3,clear sky
633,Sokode,TG,8.9833,1.1333,76.86,63,28,3.67,scattered clouds
634,Sunnyside,US,46.3237,-120.0087,69.8,18,1,17.27,clear sky
635,Harper,LR,4.375,-7.7169,81.07,80,84,6.76,broken clouds
636,Hwange,ZW,-18.3693,26.5019,62.78,47,0,1.63,clear sky
637,Lugovoy,KZ,42.9472,72.7644,48.18,62,41,2.8,scattered clouds
638,Ikornnes,NO,62.3873,6.557,39.2,75,90,9.22,overcast clouds
639,Sena Madureira,BR,-9.0656,-68.6569,76.28,86,99,2.55,overcast clouds
640,Gryfice,PL,53.9165,15.2003,39.0,86,0,3.44,clear sky
641,Ashington,GB,50.9331,-0.3909,39.0,83,8,6.38,clear sky
642,Hit,IQ,33.6416,42.8251,63.16,25,0,9.01,clear sky
643,Matagami,CA,49.7502,-77.6328,50.0,87,75,2.3,broken clouds
644,Dolores,AR,-36.3132,-57.6792,57.16,83,0,6.91,clear sky
645,Yeniseysk,RU,58.4497,92.1703,25.63,90,33,5.17,scattered clouds
646,Bournemouth,GB,50.7205,-1.8795,37.0,89,19,7.63,few clouds
647,Larsnes,NO,62.2028,5.5773,41.0,73,10,1.99,clear sky
648,Rostock,DE,54.0887,12.1405,32.0,86,40,4.61,scattered clouds
649,Stokke,NO,59.2236,10.3003,42.01,10,28,5.64,scattered clouds
650,Toowoomba,AU,-27.55,151.9667,68.0,72,0,3.44,clear sky
651,Khani,GE,41.9563,42.9566,46.4,87,0,8.05,clear sky
652,Luau,AO,-10.7073,22.2247,61.07,98,92,3.91,overcast clouds
653,Neustadt,DE,49.7117,12.0872,28.99,86,40,3.18,scattered clouds
654,Mrakovo,RU,52.7161,56.6244,35.04,85,7,4.21,clear sky
655,Haapsalu,EE,58.9431,23.5414,36.0,77,100,4.0,overcast clouds
656,Yar-Sale,RU,66.8333,70.8333,35.1,99,100,9.13,moderate rain
657,Nefteyugansk,RU,61.0998,72.6035,42.8,70,0,11.18,clear sky
658,Ust-Kulom,RU,61.6864,53.6902,48.79,89,93,11.01,overcast clouds
659,Grass Valley,US,39.2191,-121.0611,62.01,33,40,5.75,scattered clouds
660,Kaduqli,SD,11.0167,29.7167,79.36,9,21,7.83,few clouds
661,Grajau,BR,-5.8194,-46.1386,74.32,92,98,2.55,overcast clouds
662,Mujiayingzi,CN,42.1167,118.7833,55.13,18,28,10.51,scattered clouds
663,Altamira,BR,-3.2033,-52.2064,78.8,100,20,2.3,few clouds
664,Grand Gaube,MU,-20.0064,57.6608,75.99,86,85,13.02,light rain
665,Honningsvag,NO,70.9821,25.9704,32.0,74,40,19.57,scattered clouds
666,Jaciara,BR,-15.9653,-54.9683,75.18,68,22,2.42,few clouds
667,Sampit,ID,-2.5333,112.95,76.21,93,95,1.81,light rain
668,Bridlington,GB,54.0831,-0.1919,32.0,84,13,6.6,few clouds
669,Talnakh,RU,69.4865,88.3972,6.01,95,100,6.89,light snow
670,Santa Rosalia,MX,27.3167,-112.2833,77.74,32,80,3.71,broken clouds
671,Envira,BR,-7.3,-70.2167,73.47,94,60,1.48,broken clouds
672,Nizhnyaya Salda,RU,58.0776,60.7202,43.74,92,50,6.58,scattered clouds
673,Wagar,SD,16.1525,36.2032,75.99,22,25,11.03,scattered clouds
674,Kutum,SD,14.2,24.6667,68.41,12,43,7.85,scattered clouds
675,Mehamn,NO,71.0357,27.8492,32.0,74,40,19.57,scattered clouds
676,Koundara,GN,12.4833,-13.3,84.04,56,88,10.25,overcast clouds
677,Quelimane,MZ,-17.8786,36.8883,74.8,70,61,3.2,broken clouds
678,Nanchang,CN,28.6833,115.8833,61.29,88,100,3.11,overcast clouds
679,Kamina,CD,-8.7386,24.9906,61.21,98,100,3.71,overcast clouds
680,Del Rio,US,29.3627,-100.8968,86.0,48,1,3.44,clear sky
681,Anadyr,RU,64.75,177.4833,8.6,66,20,4.47,few clouds
682,Whitehorse,CA,60.7161,-135.0538,44.6,49,75,21.85,broken clouds
683,Barvinkove,UA,48.9097,37.0205,45.37,87,60,6.76,broken clouds
684,Zheleznodorozhnyy,RU,55.7503,38.0042,54.0,61,94,4.32,overcast clouds
685,Joppatowne,US,39.4579,-76.3552,57.2,100,90,5.75,moderate rain
686,Zheshart,RU,62.0731,49.5733,37.24,92,100,6.15,overcast clouds
687,Carballo,ES,43.213,-8.691,52.0,62,0,3.44,clear sky
688,Miajadas,ES,39.1513,-5.9084,57.99,92,100,1.3,overcast clouds
